優先度,ID,ページ,語句,問題種別,正解の意味,例文,指摘内容
medium,vocab1300_p012_002,12,客観的,meaning,いろいろな見方から考えること,けんかの話を聞くときは、どちらか一人の気持ちだけで決めず、客観的に考えることが大切です。,correct_meaning「いろいろな見方から考えること」は「多角的」の説明と混同されている。客観的は「自分の感情や先入観に左右されず、事実や証拠をもとに考えること」であり、「複数の視点から考えること（多角的）」とは異なる概念。このままでは二語の区別がつかなくなる恐れがある。
medium,vocab1300_p012_004,12,したたか,meaning,ねばり強く、簡単には負けないようす,相手チームに先に点を取られても、最後まであきらめず、したたかに試合を続けました。,correct_meaning「ねばり強く、簡単には負けないようす」はポジティブな側面のみを提示している。「したたか」は現代語では「ずる賢い・ぬけめない・しぶとくてやや狡猾」という否定的ニュアンスで使われることが多く、explanation欄でも「悪い意味で使われることもあります」と補足されている。correct_meaningにその両義性が示されていないため、使いどころを誤る恐れがある。
medium,vocab1300_p016_002,16,こびを売る,meaning,相手の機嫌をとること,ほめてもらうためだけに、先生にこびを売るような態度はよくありません。,「相手の機嫌をとること」は中立的すぎる。こびを売るには「必要以上にわざとらしく取り入ろうとする・おべっかを使う」という否定的なニュアンスが不可欠であり、それが正解の意味から抜けている。例文は否定的文脈で使っているが、correct_meaning単体では語の本質が伝わらない。
medium,vocab1300_p016_006,16,さしずめ,both,結局のところ、要するに,チームで一番足が速いその子は、さしずめリレーの切り札です。,correct_meaningの「結局のところ、要するに」は結論をまとめる文脈での用法に対応するが、例文「さしずめリレーの切り札です」は「いわば・～と言える」という比喩的な言い換えの用法で使われており、意味と例文のニュアンスが乖離している。さしずめの主要な用法「いわば」が意味に反映されていない。
medium,vocab1300_p017_006,17,力む,meaning,力を入れること,本番で力みすぎて、いつもより手がかたくなりました。,「力を入れること」は広すぎて中立的。力むは「必要以上に力を入れてこわばる・気負いすぎる」という特有のニュアンスを持ち、どちらかといえばマイナスの含みがある語。例文の「力みすぎて」はその面を示しているが、correct_meaningがそれを全く反映していない。
medium,vocab1300_p020_003,20,仰ぐ,meaning,上を見上げること,夜空を仰ぐと、星がたくさん見えました。,「上を見上げること」という意味のみが記載されているが、仰ぐには「師と仰ぐ（尊敬する・頼りにする）」「指示を仰ぐ（意見や命令を求める）」など日常でよく使われる重要な用法がある。一義に限定した定義では語の理解が偏る。
medium,vocab1300_p033_002,33,かさばる,meaning,量が多くなって場所を取ること,冬の上着は大きいので、ランドセルに入れるとかさばります。,「量が多くなって」は不正確。かさばるは物の量ではなく体積・かさが大きくて場所を取ることを指す。一枚の上着でもかさばり得るという例文の用例は正しいが、correct_meaningの「量が多くなって」という記述が語の本質的な意味と矛盾している。「かさ（体積）が大きくて場所を取ること」が正確。
medium,vocab1300_p025_003,25,とうとう,meaning,水などがとめどなく流れるようす,山の雪がとけて、川の水がとうとうと流れていました。,「とうとう」は「ついに・結局（finally）」という意味の方が日常語として圧倒的に一般的。「水がとめどなく流れるようす（滔滔）」は文語的な用法で、correct_meaningとして単独で提示すると子どもが混乱しやすい。「とうとう＝ついに、と同じ読みで別の意味」という補足が必要なレベル。ページの擬態語コーナーという文脈は理解できるが、correct_meaningの記述だけでは誤解を招く。
medium,vocab1300_p027_001,27,けなげ,meaning,ひたむきで一生懸命なようす,小さな子が、転んでも泣かずに走り続ける姿はけなげでした。,「ひたむきで一生懸命なようす」だけでは核心的なニュアンスが欠落している。「けなげ（健気）」の本来の意味は、幼い・弱い立場の者が困難にめげず頑張る姿を見て感じる「いじらしさ・感動・いたわり」が含まれる。見る側が感情的に動かされるという視点（いじらしい・感心する）が重要で、単なる「一生懸命」とは異なる。例文は良い。
medium,vocab1300_p033_006,33,とってつけたよう,meaning,形だけで心がこもっていないようす,とってつけたようなお礼ではなく、気持ちをこめて言いたいです。,「形だけで心がこもっていないようす」は本来の意味の一側面にすぎない。「とってつけたよう」の本義は「後から取り付けたように不自然・唐突・前後の脈絡がないようす」。「心がこもっていない」という解釈は派生的なニュアンスであり、主たる意味は「不自然にくっついた感じ・つじつまが合わない感じ」。例文もやや派生的な文脈での使用になっている。
medium,vocab1300_p032_001,32,晴れがましい,meaning,華やかで、注目される状態,表彰式で名前を呼ばれて、少し晴れがましい気持ちになりました。,「華やかで、注目される状態」は形容詞「晴れがましい」の意味として不正確。「晴れがましい」は状態ではなく気持ち・感情を表す語で、「晴れの舞台に立っているような、誇らしくもあり少し照れくさいような感覚」が本義。例文は「晴れがましい気持ち」と正しく使われているが、correct_meaningが「状態」と説明しているため、語の品詞的性格や感情的ニュアンスが伝わらない。
medium,vocab1300_p024_006,24,えてして,sentence,とかく、大体の場合において,急いでいるときは、えてして忘れ物をしやすいものです。,「えてして」自体に「〜しがちである・〜になりやすい」という傾向の意味が含まれているため、「しやすいものです」と意味が重複している。自然な形は「えてして忘れ物をするものです」。「えてして〜しやすい」の重ね技法は文法的には誤りではないが、語の意味を正確に学ばせる教材文としては避けるべき。
medium,vocab1300_p027_002,27,終始する,sentence,始めから終わりまで同じことを続けること,話し合いは、始めから終わりまで勉強の話に終始しました。,「終始（する）」自体に「始めから終わりまで」という意味が内包されているため、「始めから終わりまで〜終始しました」は意味が重複している。「話し合いは勉強の話に終始しました」で十分。語の意味を体で覚えさせる観点から、語の意味をなぞった余分な修飾は混乱を招く。
medium,vocab1300_p035_003,35,逆恨み,meaning,相手に逆に恨まれること,危ないことを注意しただけなのに、相手に逆恨みされてしまいました。,correct_meaning が「相手に逆に恨まれること」とまとめているが、逆恨みの本質は『こちらが正しい（または良かれと思ってしたこと）に対して、理不尽にも恨みを向けられること』という筋違い・不当さにある。『逆に恨まれる』だけでは、その不当性・理不尽さのニュアンスが抜けており、意味が不完全。
medium,vocab1300_p037_001,37,犬も食わない,both,だれも相手にしないこと,小さなけんかの話を長く続けても、まわりの人は犬も食わないという顔をしていました。,【意味】『だれも相手にしない』は広すぎる。この慣用句は主に『夫婦・身近な者同士のけんかは当事者以外には迷惑でしかなく、だれも関わりたがらない』という特定のニュアンスを持つ。単なる無関心とは異なり、『関わるのが嫌だ・うんざり』という含みが重要。【例文】『犬も食わないという顔』という表現は不自然。この慣用句は顔つきを表す形容として使う慣用的な用法がなく、『犬も食わないような話だ』『犬も食わないと言わんばかりに』などの形が自然。
medium,vocab1300_p037_003,37,閑古鳥が鳴く,sentence,,雨の日の公園の売店は、閑古鳥が鳴くように静かでした。,『閑古鳥が鳴くように静かでした』は、慣用句を直喩（ように）として使っているため、まるで本当に鳥の鳴き声に例えた比喩のように読める。閑古鳥が鳴くは慣用句としてそのまま使うもので、『閑古鳥が鳴いていました』『閑古鳥が鳴くありさまでした』のように用いるのが自然。『ように静か』という形は慣用句の用法として不自然で、子どもが意味を誤解するおそれがある。
medium,vocab1300_p040_001,40,腹黒い,both,悪い考えを持っているようす,やさしそうに見えても、人をだますつもりなら腹黒い考えです。,【意味】腹黒いの核心は『表面上はそう見せないが、内心に悪意・下心を隠している』という隠蔽・裏腹のニュアンス。単に『悪い考えを持っている』だけではその裏表の性質が伝わらない。【例文】腹黒いは人を形容する語（腹黒い人）として使うのが一般的で、『腹黒い考え』は不自然なコロケーション。また例文は腹黒いの本来の文脈（表と裏のある人物の描写）を示せておらず、語のニュアンスが伝わりにくい。
medium,vocab1300_p042_003,42,洗礼を受ける,meaning,その後に影響する大きな経験をすること,初めての大会で強い相手と当たり、青ちゃんは大きな洗礼を受けました。,correct_meaning が『その後に影響する大きな経験』と広すぎる。洗礼を受けるの比喩的用法は『ある世界・環境に初めて入ったとき、厳しい試練・洗礼（洗礼の試練）にさらされること』というニュアンスが核心。ポジティブな大きな経験には使わず、厳しさ・過酷さを初めて経験するという文脈で使う語であることが伝わらない。
medium,vocab1300_p045_005,45,とりも直さず,sentence,,毎日少しずつ続けることは、とりも直さず力をつける近道です。,とりも直さずは『AはとりもなおさずBだ』の形で『AはつまりBのことだ（A＝B）』という論理的な言い換え・同一性を示す語。この例文は『続けること → 力がつく近道』という因果関係（AがBにつながる）を述べており、A＝Bの言い換えになっていない。語の意味を正しく示せていないため、誤った用法を刷り込む危険がある。
medium,vocab1300_p048_006,48,素手,both,素の（何もつけていない）手。手袋や道具を使わない、剥き出しの手の状態。,熱いなべを素手でさわると危ないので、ミトンを使いましょう。,correct_meaningが「武器や道具などを何も持っていないこと」となっているが、素手の核心的な意味は「手袋など何もつけていない裸の手」である。例文はミトン（鍋つかみ）を使わない状況、すなわち「手を覆うものがない」という意味で素手を使っており、定義の「何も持っていないこと（持ち物の有無）」とはニュアンスがズレている。定義を例文の文脈に合わせるか、例文をより「武器・道具を持たない」場面（格闘・作業など）に修正する必要がある。
medium,vocab1300_p052_003,52,太鼓判を押す,sentence,人物や物のよさが確かだと保証すること（correct_meaning自体は正確）,先生は、その作文のよさに太鼓判を押しました。,「その作文のよさに太鼓判を押しました」という構文が不自然。太鼓判を押す対象は「作文」や「人物」そのものであって、「〜のよさに」という形で「よさ」に押すとぎこちなくなる。「先生は、その作文に太鼓判を押しました」または「先生は、その作文の出来栄えを太鼓判で保証しました」のように直す方が自然。
medium,vocab1300_p052_004,52,曲解する,meaning,物事や言葉の意味を（意図的・非意図的に）ひねくれた方向でとらえること,相手の言葉を曲解せず、まずは本当の意味をたしかめましょう。,correct_meaningに「わざとひねくれて解釈すること」とあるが、曲解は必ずしも意図的（わざと）とは限らない。無意識に相手の言葉を誤ってねじ曲げて受け取ることも曲解と言い、辞書でも「故意かどうかを問わない」ケースが多い。「わざと」を含めると意味が限定的・不正確になり、子どもが「意図しない誤解」には曲解を使えないと誤学習するおそれがある。
medium,vocab1300_p058_003,58,てきめん,sentence,効果が目に見えてよく分かること,早く寝たら、朝の元気にてきめんの効果がありました。,「てきめんの効果」という修飾語形は一般的でなく、文全体が不自然。「てきめん」は「てきめんに効果が表れた」や「効果てきめんだった」のように使うのが自然。「朝の元気にてきめんの効果がありました」という言い回しは小3が読んでも意味が取りにくい。
medium,vocab1300_p061_003,61,柳の下のどじょう,meaning,同じ方法でまた同じ幸運を得ようとすること,一度当たったからといって、また同じ方法で当たるとは限りません。柳の下のどじょうですね。,correct_meaning「同じ方法でまた同じ幸運を得ようとすること」は行動の説明にとどまり、「それはうまくいかない・同じ幸運を期待するのは甘い」という否定的・警告的ニュアンスが抜けている。このことわざは「二度同じ幸運は続かない」という戒めであり、その核心が伝わらない定義になっている。例文の文脈では補っているが、正解表示単体では誤解を招く可能性がある。
medium,vocab1300_p063_003,63,装う,both,違うように見せかけること,青ちゃんは、劇でお姫様を装って舞台に立ちました。,correct_meaning「違うように見せかけること」は「装う」の「ふりをする・欺く」という側面だけを捉えており、最も基本的な「身なりを整える・着飾る」という意味が落ちている。また例文は劇の演技という文脈なので「見せかけ（欺き）」ではなく「扮する・なりきる」の意味で使われており、定義と例文がずれている。例文の「お姫様を装う」は「お姫様に扮する」が正確で、定義の「違うように見せかける」とはニュアンスが異なる。
medium,vocab1300_p068_002,68,あざける,meaning,ばかにして嘲り笑うこと,失敗した友だちをあざけるのではなく、助けたいです。,「あざける（嘲る）」の意味は「ばかにして嘲り笑うこと」であり、「悪口を言う」という要素は本来含まない。嘲笑と悪口は異なる行為で、correct_meaningの「悪口を言ったりすること」という記述は語義を誤って伝えるおそれがある。
medium,vocab1300_p068_005,68,特色,meaning,ほかと比べて、目立つ特徴や性質,この学校の特色は、外で遊ぶ時間が長いことです。,「特色」は良し悪しを問わず「他と比べて目立つ特徴・性質」を指す語であり、「特に良いところ」と限定するのは「特長（とくちょう）」の定義に近い。positive な限定を加えると別の語と混同させるリスクがある。
medium,vocab1300_p069_006,69,手はない,meaning,しないのは損であること・やらないほうがもったいないということ,せっかく近くに図書館があるなら、使わない手はありません。,「（しない）手はない」の意味は「そうしないのは損・やらないほうがもったいない」という利得感を伴う表現であり、「そうするべきだ」という義務・当為とはニュアンスが異なる。correct_meaningの「そうするべきだ」は語義を強めすぎている。
medium,vocab1300_p071_003,71,おくびにも出さない,both,感情や考えを、少しも表に出さないこと,結果を知っていたのに、兄はおくびにも出しませんでした。,correct_meaningが「知っている素振りを見せないこと」に限定されているが、「おくびにも出さない」は感情・不満・意図など広く「少しも外に出さない」という意味で使う語。意味説明が用法を狭めすぎている。また例文の「おくびにも出しませんでした」は、慣用句としては「出さなかった」のほうが自然で、「出しません」という語形は慣用的な形から外れている。
medium,vocab1300_p072_001,72,言いよどむ,both,言いかけてためらい、口ごもること,本当のことを言いにくくて、少し言いよどみました。,「言いよどむ」は「言いかけてためらい、途中で口ごもること」を指す語であり、correct_meaningの「なかなか言い出せない」（言い始める前の躊躇）とはニュアンスがずれている。また例文の「少し言いよどむ」は、動作そのものに程度の副詞「少し」をつけると意味が弱まり、語感が不自然になる。
medium,vocab1300_p083_001,83,ふんばる,meaning,がんばること,最後まであきらめず、ふんばりました。,「がんばること」では「がんばる」との違いが伝わらない。「ふんばる」の核心は、足を踏ん張って踏みとどまるように、苦しい状況でも粘り強く持ちこたえることにある。「がんばる」は努力全般を指すが、「ふんばる」は追い詰められながらも崩れずに耐え続けるニュアンスが特徴的で、その違いが定義から失われている。
medium,vocab1300_p082_004,82,悲劇,sentence,,大雨で大切な写真がぬれてしまい、家族にとって悲劇でした。,「悲劇」は取り返しのつかない深刻な不幸・惨事を指す重い語。「写真が雨でぬれた」という出来事では「悲劇」の重さとかけ離れており、子どもたちが日常的な小さな残念事にも使う言葉だと誤解するおそれがある。「大切な人を亡くす」「家が火事になる」のような重大な例の方がニュアンスを正しく示せる。
medium,vocab1300_p084_004,84,図星,meaning,想像していた通りであること,『宿題を忘れたでしょう』と言われ、図星で何も言えませんでした。,「想像していた通りであること」は視点が曖昧で、誰の想像なのかが不明確。「図星」は「相手の指摘・推測がまさしくその通りで、否定できないこと」を指す。「言われたことがまさにその通りで、言い返せないこと」のように、指摘を受ける側から見た「ずばり当たられた」感覚が定義の核心であり、それが欠けている。
medium,vocab1300_p088_005,88,批判,both,悪いところを指摘し、責めること,作品を批判するときも、よいところと直すところを分けて話したいです。,意味：「悪いところを指摘し、責めること」と定義されているが、「批判」はもともと物事を評価・分析することであり、必ずしも責めを含まない。否定的なニュアンス一色で定義すると語の本来の意味を狭めてしまう。例文：例文自体は「よいところと直すところを分けて話したい」と建設的に描いており、意味の定義と矛盾している。定義と例文のメッセージが食い違っている点も問題。
medium,vocab1300_p087_004,87,なすすべもなく,sentence,,強い雨で外に出られず、なすすべもなく待っていました。,「なすすべもなく」は、手の打ちようが全くない圧倒的な状況（大災害・重病・抗しがたい力など）での深刻な無力感を表す語。「雨が強くて外に出られず待っていた」という状況は「しかたなく待った」程度で、「なすすべもない」ほどの切迫感がなく、語の重さとかけ離れている。
medium,vocab1300_p090_004,90,いちかばちか,sentence,,答えは分からないけれど、いちかばちか手を上げました。,「いちかばちか」は一か八か（ばくち由来）の表現で、大きなリスクを冒してかける・成否が極端に分かれる場面に使う。授業中に答えが分からず手を挙げる程度の場面ではスケールが小さすぎ、語のニュアンス（一発逆転・大勝負）が伝わらない。例：「いちかばちか、最後の一問に全力をかけました」のような高リスク場面が望ましい。
medium,vocab1300_p101_001,101,皮肉,meaning,,友だちに皮肉ばかり言うと、相手を傷つけてしまいます。,correct_meaning「相手が嫌がることを、わざと言うこと」は「悪口」との区別がつかない。皮肉の核心は「遠回しに・反対のことを言う形で相手をくさすこと（嫌みや当てこすり）」にある。直接的な悪口と混同されやすい定義になっている。
medium,vocab1300_p092_002,92,むなしい,meaning,,せっかく作ったのに誰にも見てもらえず、むなしい気持ちになりました。,correct_meaning に「つまらないこと」が含まれているが、「つまらない」は退屈・面白くないという意味に誤解されやすい。むなしい（虚しい）の本質は「心が空洞になるような感覚・努力が報われない徒労感」であり、つまらないとは異なるニュアンスを持つ。説明の「何も得るものがなく」の部分だけでほぼ十分で、「つまらないこと」を加えると意味がずれる。
medium,vocab1300_p093_006,93,けなす,meaning,,友だちの絵をけなすのではなく、よいところを見つけたいです。,correct_meaning の「責めること」が不正確。けなすは「悪口を言ってこきおろす・見下して言う」こと（貶す）であり、「責める」（とがめる）とは異なる。責めるは過失への批判を指すが、けなすは価値を低く見せるような発言をする意味で、正しくは「悪く言って見下すこと」「低く評価するようなことを言うこと」とすべき。
medium,vocab1300_p094_004,94,自前,both,,遠足のおやつは、自前で用意することになりました。,correct_meaning は「自分で費用を負担すること」としているが、例文は「自分で用意すること」の意味で使っている。自前には「費用を自分で払う」と「自分で調達・準備する」の両面があるが、意味と例文がそれぞれ別の側面を指しており、対応がずれている。意味を「自分で費用を出したり、自分で準備したりすること」と補足するか、例文を費用負担の場面（例：道具を自前で買いそろえた）に変えるべき。
medium,vocab1300_p106_004,106,あえない,meaning,哀れで情けない結末になるようす（みじめにあっさり〜する）,強い相手に、試合はあえなく負けてしまいました。,correct_meaningに「期待外れでつまらない」が含まれているが、あえない（あえなし）の本来の意味は「哀れ・みじめ・情けない」であり「つまらない（退屈・面白くない）」ではない。「あえなく敗れる」は「あっさりと情けなく負ける」の意で、退屈さや期待外れとは意味が異なる。「あっけない」と混同した説明に見える。
medium,vocab1300_p106_001,106,お決まり,meaning,いつもきまった型通りのこと・慣例どおりのようす,その人の話は、いつもお決まりの自慢話で終わります。,「ワンパターン」はくだけたスラングで否定的なニュアンスが強い。お決まりは「慣例どおりの・型通りの」という中立的な使い方（例：お決まりの挨拶）もあるため、ワンパターンと等置すると意味が偏る。小学生向け語彙教材の定義語としても「ワンパターン」はふさわしくない。
medium,vocab1300_p103_004,103,アピールする,meaning,自分のよさや考えを、相手に強く訴えかけて印象づけること,面接で、自分のよいところをアピールしました。,「自分を押し出すこと」だけでは意味が不完全で、自己主張に限定して見える。アピールするは「相手や社会に訴えかけること・印象づけること」という他者への働きかけを含む語で、explanationでは「相手に強く示すこと」と補足されているが、correct_meaningの定義が大きく省略されすぎている。
medium,vocab1300_p108_001,108,往々にして,meaning,しばしば・よくそういうことが起きがちであること,あわてていると、往々にして大事なことを忘れます。,「ときどき」は頻度・語感ともに往々にしてより弱く、同義語として並べると誤解を招く。往々にしては「そういうことがよく起きがちだ」という傾向・高頻度を含む語で、ときどき（時折）より明らかに強い。しばしば・よく〜しがちだ、が適切。
medium,vocab1300_p105_006,105,横着,sentence,,横着をして近道をしたら、かえって時間がかかりました。,「近道をした」は横着の例として分かりにくい。地理的な近道を選ぶことは合理的な判断であり、必ずしも横着（すべきことを怠る・手を抜く）とは言えない。例文後半「かえって時間がかかった」は結果の教訓に焦点が当たり、横着の意味（怠けて手を抜くこと）を直接示す例になっていない。
medium,vocab1300_p117_001,117,患う,meaning,病気になること,祖父は長い間、足の病気を患っていました。,「病気になること」という定義は広すぎる。患うは単に病気になることではなく、重い病気や慢性的な病を長期にわたって抱え苦しむことを指す。風邪などの軽い病気には使わない。例文は「長い間」という語で正しい使い方を示しているが、定義がそれを反映できていない。
medium,vocab1300_p113_002,113,水かけ論,meaning,お互いにゆずらず、議論を続けること,どちらも自分が正しいと言い続け、話し合いは水かけ論になりました。,水かけ論の核心は「どちらも引かず、いつまでたっても結論が出ない（無益な）議論」という点にある。「議論を続けること」という定義では、熱心な建設的議論との区別がつかない。「結論が出ないまま」「無駄に続く」という不毛さのニュアンスが抜け落ちている。
medium,vocab1300_p125_002,125,否定,meaning,間違いであると言うこと,母は、私の意見をすぐに否定せず、最後まで聞いてくれました。,「否定」の本来の意味は「打ち消すこと・認めないこと・否と言うこと」。correct_meaningの「間違いであると言うこと」は意味を狭く限定しすぎており、例文の「意見を否定する」は「意見が間違いと言う」よりも「意見を認めない・受け入れない」に近い。定義と例文の意味がずれている。
medium,vocab1300_p129_004,129,なぞらえる,meaning,似ているものと比較して考えること,先生は、人生を山登りになぞらえて話しました。,「なぞらえる（準える）」は「見立てる・たとえる」という意味が核心であり、「比較して考えること」とは方向性が異なる。「比較」は二つを並べて違いを考える行為だが、「なぞらえる」は一方を他方にあてはめて見立てるという意味。explanationでは「たとえること」と補足しているが、correct_meaningが誤った表現になっている。
medium,vocab1300_p131_002,131,あっけない,meaning,思ったより簡単で物足りないこと,楽しみにしていた勝負は、すぐに終わってあっけないものでした。,「あっけない（呆気ない）」の核心は「拍子抜けするほど早く・あっさり終わった」こと。「簡単」という語が不正確で、たとえば強い相手にすぐ負けた場合もあっけないと表現できるが、それは「簡単」ではない。「あっさり終わって物足りない」「拍子抜けする」という方向で定義すべき。
medium,vocab1300_p126_002,126,日夜,meaning,いつも、つねに,兄は日夜、サッカーの練習に励んでいます。,「日夜（にちや）」は「昼も夜も（絶え間なく）」という意味が基本。「いつも・つねに」では休みなく精力的に取り組むという強調ニュアンスが失われる。例文の「練習に励んでいます」とは合っているが、correct_meaningが本来の「昼も夜も」という意味から離れすぎている。
medium,vocab1300_p132_006,132,憔悴しきる,meaning,強いショックや心配で、すっかり元気をなくすこと,迷子の犬を一日中探して、家族は憔悴しきっていました。,「憔悴（しょうすい）」は「疲労・苦労・病気などで心身が衰弱し、やつれること」が本義。「強いショック」は憔悴の主な原因にはなりにくく、むしろ「長期の疲労・苦労・心労で衰弱する」が正確。例文の「一日中探して」は疲労の文脈で自然だが、correct_meaningの「ショック」という語が実態と合っていない。
medium,vocab1300_p143_003,143,矢も盾もたまらない,sentence,,新しい本が届くと聞いて、矢も盾もたまらず本屋へ走りました。,「本が届くと聞いて」は自宅に配送されると読むのが自然であり、そうであれば「本屋へ走る」行動と矛盾する。本屋に行く文脈なら「新しい本が発売されると聞いて」など入手先が本屋になる表現が適切。子どもが読んだとき状況が理解できない。
medium,vocab1300_p136_002,136,万能,both,,その道具は切ることも量ることもできる万能な道具です。,correct_meaningの「多才」は人間の多方面な才能を指す語であり、道具・物に使う言葉ではない。一方、例文は道具に対して「万能」を使っており、意味定義と例文の対象が食い違っている。「何にでも使える・何でもできること」のように改めると統一できる。
medium,vocab1300_p137_002,137,何食わぬ顔,meaning,,弟はお菓子を食べたのに、何食わぬ顔で座っていました。,correct_meaningの「本当は知っているのに、知らないふりをすること」は狭すぎる。何食わぬ顔は「何もしていないかのように平気な顔をしていること」が本義であり、知る／知らないに限らず行動を隠す場合にも使う。例文（お菓子を食べたのに知らん顔）は正しい用例だが、意味定義が「知らないふり」に限定しているため、例文と意味がずれて見える。
medium,vocab1300_p143_005,143,老化,sentence,,道具も長く使うと、少しずつ老化して使いにくくなります。,老化は生き物（人・動物）が年を取って衰えることを指す語。道具・機器の劣化には「劣化する」が標準的。correct_meaningに「物の働きが衰えること」と記載して無理に拡張しているが、実際の語感・辞書的用法から外れており、子どもが誤用を覚えるリスクがある。
medium,vocab1300_p156_004,156,企てる,both,計画を立てること,兄は、みんなを驚かせる作戦を企てました。,correct_meaningが「計画を立てること」と中立的に定義されているが、企てるは悪事・陰謀・策略など負のニュアンスを帯びる語。単なる計画と混同させるおそれがある。例文の「みんなを驚かせる作戦」も楽しいサプライズのような印象で、この語が持つ「たくらむ」感を伝えられていない。
medium,vocab1300_p160_005,160,中断,meaning,途中でやめること,悪天候のため、試合を中断しました。,「途中でやめること」と説明されているが、中断は「一時的に止めること（後で再開する余地がある）」が核心。完全にやめる「中止」との違いが大事なのに、定義が中止と区別できない表現になっている。
medium,vocab1300_p161_002,161,よりによって,meaning,他にもよい選択があるのに、あえてそれを選ぶようす,よりによって、大事な日に雨が降りました。,correct_meaningが「他にもよい選択があるのに、あえてそれを選ぶようす」と意図的な選択のように説明されているが、例文の「雨が降りました」は誰かが選んだわけでない自然現象。よりによってはどちらにも使えるが、「あえて選ぶ」という表現が意図的行為に限定して誤解させる可能性がある。「よりにもよってこのタイミングで」という嘆き・呆れのニュアンスの説明が必要。
medium,vocab1300_p162_005,162,あらわにする,sentence,隠さないで、はっきり見えるようにすること,調査で、問題の原因があらわになりました。,見出し語は他動詞の「あらわにする」（〜をあらわにする）だが、例文は「問題の原因があらわになりました」と自動詞的な「〜になる」形で使われている。教えている語形と例文の語形が一致しておらず、子どもが用法を正しく学べない。
medium,vocab1300_p164_005,164,まどろむ,meaning,少しの間、眠ること,音楽を聞いているうちに、少しまどろんでしまいました。,「少しの間、眠ること」と定義されているが、まどろむは「うとうとする・半分眠りに入った状態」が核心であり、しっかり眠ることではない。「眠ること」という表現では浅い微睡みというニュアンスが伝わらない。
medium,vocab1300_p168_001,168,きざ,sentence,きどっている様子（否定的ニュアンス：鼻につく、不快に思われる）,その人は、きざなせりふを言ってみんなを笑わせました。,きざは「きどっていて不快・鼻につく」という否定的なニュアンスが核心だが、例文では「みんなを笑わせた」と結果が好意的に描かれており、むしろ場を和ませる愛嬌ある人物に見える。否定的ニュアンスが伝わらず、語感を誤学習させる恐れがある。
medium,vocab1300_p169_005,169,臥薪嘗胆,meaning,苦難や辛苦に耐えながら、目的達成のために努力し続けること,次こそ勝つために、チームは臥薪嘗胆の日々を送りました。,correct_meaningの「目的のために、一所懸命努力すること」は単なる「一生懸命がんばること」と区別がつかない。臥薪嘗胆の核心は「辛苦・苦難に耐えながら（薪の上に寝て苦い肝を嘗めて）目的を果たすこと」という辛抱・忍耐の要素であり、この語独自の意味が失われている。
medium,vocab1300_p169_006,169,悪事千里を走る,sentence,悪いうわさは、すぐに広まるというたとえ,悪い評判はすぐに広まります。悪事千里を走るですね。,例文が「意味の説明文＋ことわざの引用」という構造になっており、ことわざをその場で解説するような不自然な使い方になっている。「悪事千里を走るですね」という締め方も口語的すぎる。ことわざを自然な文脈で使った例文になっていない。
medium,vocab1300_p172_004,172,潤い,meaning,適度な湿り気。転じて、心や生活に豊かさや温かみをもたらすもの。,クリームをぬると、手に潤いが戻りました。,correct_meaningが「適度な湿り気」のみで、比喩的・精神的な意味（「生活に潤いをもたらす」「心の潤い」など、豊かさ・ゆとり・温かみ）が一切含まれていない。「潤い」は日常語で比喩用法のほうが頻出であり、物理的な湿気の意味だけでは語彙習得として不十分。
medium,vocab1300_p185_004,185,衝撃,meaning,ぶつかったときに加えられる力。また、心に強い打撃を与えるような出来事やそのおどろき。,転んだときの衝撃で、ひざを打ちました。,correct_meaningが「ぶつかったときに加えられる力」と物理的な意味のみに限定されている。「衝撃を受ける」「衝撃的な出来事」など、精神的・感情的なショックの意味も日常的に同程度よく使われるにもかかわらず、その用法が説明から完全に抜けている。小学生がこの語を習得する上で、感情的な意味のほうが遭遇頻度が高い可能性がある。
medium,vocab1300_p186_005,186,胸に手を当てて,meaning,自分の良心や行いをじっくりと振り返って考えること。,自分のしたことを、胸に手を当てて考えてみました。,correct_meaningが「落ち着いて、じっくり考えて」となっているが、この表現の核心的なニュアンスは「自分の良心・内省に問いかけること」であり、単なる「冷静にゆっくり考える」こととは異なる。自分の行いや良心を振り返るという自己反省の文脈で使われる慣用表現であることが伝わらない。例文は「自分のしたことを」と書かれており、自己反省の用法を示しているが、意味の説明がそれとずれている。
medium,vocab1300_p185_003,185,促す,meaning,相手が何かをするように働きかけること。,先生は、早く帰るように生徒を促しました。,correct_meaningが「早く何かをするように仕向けること」と「早く」が組み込まれているが、「促す」は急かすだけでなく「行動・変化をうながす」広い意味を持つ語。「成長を促す」「反省を促す」など速さとは無関係な用法も多い。「早く」を組み込んだ定義だと、同バッチ内の「せきたてる」との区別がつきにくくなる恐れがある。
medium,vocab1300_p185_001,185,見せしめ,sentence,,先生は見せしめのために、一人だけ大声で叱ることはしませんでした。,例文が「〜しませんでした」という否定形で語の概念を間接的に説明する構造になっており、語句が実際に使われている場面を直接示していない。語彙例文として、語句が肯定的・具体的に使われている文のほうが意味の定着には適している。「先生が○○を見せしめにして…」のような直接使用例が望ましい。
medium,vocab1300_p179_002,179,ふりむきざま,sentence,,青ちゃんは、ふりむきざまに名前を呼ばれました。,「〜ざま」は主語が自らの動作をする瞬間に別の動作も行うことを表す形式（例：「ふりむきざまに怒鳴った」）。この例文では主語（青ちゃん）が振り向く動作をする一方で、名前を呼ぶのは他者であり、受身形「呼ばれた」になっている。語の本来の使われ方（主語の二つの動作の同時性）とずれており、習得の妨げになりうる。
medium,vocab1300_p189_003,189,相当,meaning,程度や内容が、同じくらいであること,英検二級相当の英語力をつけるため、毎日練習しました。,定義が「程度や内容が同じくらいであること（同等）」の意味のみを示しているが、「相当」は副詞として「かなり・非常に」（例：相当難しい）という用法の方が子どもの読書場面では頻出する。例文はたまたま同等の意味で使われているが、もう一方の重要な意味が抜けているため、他の文脈で出会ったときに混乱しやすい。
medium,vocab1300_p189_004,189,苦し紛れ,meaning,どうにもならず、我慢しきれず何かをすること,宿題を忘れて、苦し紛れに変な言い訳をしてしまいました。,「我慢しきれず何かをすること」という部分が不正確。「苦し紛れ」は「我慢できなくなる」ではなく、「追い詰められてほかに手段がなく、やむなく何かをしてしまう」という切羽詰まった状況での行動を指す。「我慢しきれず」は痛みや欲求を抑えられない場合に使う表現なので、ニュアンスがずれている。
medium,vocab1300_p191_001,191,はたして,meaning,やはり思った通り、案の定,空が暗くなってきました。はたして、少しすると雨が降り出しました。,定義が「やはり思った通り、案の定」の意味のみを示しているが、「はたして」には「本当に〜だろうか（疑問・危惧を表す）」という用法（例：はたして間に合うのだろうか）も頻繁にある。この疑問・詠嘆用法が欠けているため、定義が不完全で、実際の文章で出会ったときに意味を取り違えやすい。
medium,vocab1300_p192_006,192,本音,both,言葉にした本当の気持ち,友だちは笑っていたけれど、本音では少し悲しかったようです。,定義の「言葉にした本当の気持ち」は「本音」が口に出されたものを指すかのように読めるが、本音は「口に出さない内心の本当の気持ち」であることも多く、「言葉にした」という修飾は不正確。実際に例文も「友だちは笑っていたけれど、本音では少し悲しかったようです」とあり、友だちが本音を口に出していない場面を示しており、定義と例文が矛盾している。本音の本質は建て前と対比される「うわべではない本当の気持ち」であり、発言の有無は問わない。
medium,vocab1300_p196_004,196,かさに着ていばる,sentence,力のある人の力を借りて、いばること,強い友だちをかさに着ていばるのはよくありません。,「強い友だちをかさに着ていばる」という例文の助詞と語の組み合わせが不自然。「かさに着る」は人物そのものを目的語に取らず、「力・権力・立場」などを取る。自然な形は「強い友だちの力をかさに着ていばる」または「親の権力をかさに着ていばる」。「友だち（人）をかさに着る」とすると「友だちを笠のように使う」という直訳に引きずられ、本来の慣用的な意味から外れた読み方になる。
medium,vocab1300_p199_005,199,心おきなく,meaning,思う存分、好きなだけ,宿題が終わったので、心おきなく遊べます。,correct_meaning「思う存分、好きなだけ」は「心おきなく」の結果として生じる状態であり、語の本義ではない。「心おきなく」の核心は「気兼ねや遠慮がない・心に引っかかるものがない（from 心に置くことがない）」という意味。「好きなだけ」は量的な含意があり、「遠慮なく・気にせず」という自由の性質を伝えていない。explanation の「気にすることなく、思う存分」の方が正確。
medium,vocab1300_p200_006,200,災い,meaning,災難,軽はずみな発言は、大きな災いを招くことがあります。,correct_meaning が同義語一語「災難」だけで、語の意味を説明できていない。しかも「災難」はこのバッチ内（p202_006）で別の単語として出てくるため、子どもが両者を混同する可能性がある。「よくないことが身に降りかかること」など、言葉で説明する必要がある。explanation には「よくない出来事や災難のことです」と補足されているのに correct_meaning に反映されていない。
medium,vocab1300_p201_001,201,請け負う,sentence,仕事を引き受けること,父は、会社から新しい仕事を請け負いました。,「会社から新しい仕事を請け負いました」は「請け負う」の用法として不自然。「請け負う」は発注者（クライアント）から外部の請負人が仕事を引き受けるという契約的関係を前提とする語。社員が自分の会社から仕事を「請け負う」とは言わず、「任される」「担当する」を使う。父が個人事業主・フリーランスである文脈の明示がないと、子どもに誤用を学ばせてしまう。
medium,vocab1300_p201_005,201,引っ込み思案,sentence,消極的で、自分から進んで行動しないこと,青ちゃんは少し引っ込み思案で、発表の前に緊張しました。,「発表の前に緊張しました」は「引っ込み思案」の意味を示せていない。発表前の緊張は誰にでも起こることで、「自分から前に出ようとしない・積極的に行動しない」という語の核心を表していない。例えば「手を挙げたかったのに、引っ込み思案で言い出せなかった」のような、消極性・尻込みの行動を描写する例文でないと意味が伝わらない。
medium,vocab1300_p203_002,203,目をかける,meaning,ひいきにする、気にかけること,先生は、新しく入った子に目をかけていました。,correct_meaning の「ひいきにする」は不公平な依怙贔屓というネガティブな含意を持ち、「目をかける」のニュアンスとずれがある。「目をかける」は上位者が有望な後輩・部下などを特に気にかけて世話することで、基本的にポジティブな表現。「ひいきにする」と並べると、えこひいきや不公平感が前面に出てしまい、子どもが語の印象を誤って学ぶ可能性がある。
medium,vocab1300_p214_003,214,健やか,meaning,心も体も元気で、健康な様子,家族は、赤ちゃんが健やかに育つことを願いました。,「丈夫にすくすくと育つ様子」と説明しているが、健やかは成長期の子どもだけに使う語ではなく、あらゆる年齢の「心身が元気で健康な様子」を表す。「健やかに暮らす」「健やかな老後」のような使い方ができることが伝わらず、意味が不完全。
medium,vocab1300_p217_001,217,午,sentence,,たてがみがあり、草原を走る動物を表します。,例文「たてがみがあり、草原を走る動物を表します。」は、「午」という字を一切使わず動物の説明になっている。語がどのように文中で使われるか（例：今年は午年です／午の刻）を示せておらず、例文として機能していない。
medium,vocab1300_p217_002,217,申,sentence,,木に登ったり、すばしっこく動いたりする動物です。,例文「木に登ったり、すばしっこく動いたりする動物です。」は、「申」という字を使わず動物の説明になっている。語の使われ方（例：申年生まれ）が伝わらない。
medium,vocab1300_p217_003,217,亥,sentence,,大きなきばを持つ、ぶたに似た野生の動物です。,例文「大きなきばを持つ、ぶたに似た野生の動物です。」は、「亥」という字を使わず動物の説明になっている。語の使われ方が伝わらない。
medium,vocab1300_p217_004,217,寅,sentence,,しま模様があり、大きな猫のような動物です。,例文「しま模様があり、大きな猫のような動物です。」は、「寅」という字を使わず動物の説明になっている。語の使われ方が伝わらない。
medium,vocab1300_p217_005,217,辰,sentence,,空想上の動物で、長い体を持ち、空を飛べるとされています。,例文「空想上の動物で、長い体を持ち、空を飛べるとされています。」は、「辰」という字を使わず動物の説明になっている。語の使われ方が伝わらない。
medium,vocab1300_p217_006,217,子,sentence,,チューチューと鳴く、小さな動物です。,例文「チューチューと鳴く、小さな動物です。」は、「子」という字を使わず動物の説明になっている。「子」は「子年」や「子の刻」など固有の文脈で使われるが、その使い方が示されていない。
medium,vocab1300_p218_001,218,丑,sentence,,牛乳を出す動物としても知られています。,例文「牛乳を出す動物としても知られています。」は、「丑」という字を使わず動物の説明になっている。語の使われ方が伝わらない。
medium,vocab1300_p218_002,218,巳,sentence,,長い体で、はいながら前へ進む動物です。,例文「長い体で、はいながら前へ進む動物です。」は、「巳」という字を使わず動物の説明になっている。語の使われ方が伝わらない。
medium,vocab1300_p218_003,218,卯,sentence,,ぴょんぴょん飛びはねて、長い耳が特徴です。,例文「ぴょんぴょん飛びはねて、長い耳が特徴です。」は、「卯」という字を使わず動物の説明になっている。語の使われ方が伝わらない。
medium,vocab1300_p218_004,218,未,sentence,,毛から、あたたかいセーターを作ることがあります。,例文「毛から、あたたかいセーターを作ることがあります。」は、「未」という字を使わず動物の説明になっている。語の使われ方が伝わらない。
medium,vocab1300_p218_005,218,戌,sentence,,ワンワンとほえる、身近な動物です。,例文「ワンワンとほえる、身近な動物です。」は、「戌」という字を使わず動物の説明になっている。語の使われ方が伝わらない。
medium,vocab1300_p218_006,218,酉,both,にわとり（鶏）,ニワトリなど、人に時を知らせる動物です。,correct_meaning が「鳥」と広すぎる。干支の酉はにわとり（鶏）を指すものであり、スズメや鷹などの鳥全般を指すわけではない。例文中の「ニワトリなど」もこれを示唆しているため、correct_meaning との不一致が生じている。また例文「ニワトリなど、人に時を知らせる動物です。」は「酉」という字を使っておらず、語の使われ方が伝わらない点も他の干支文字と同様の問題がある。
medium,vocab1300_p219_001,219,大和,sentence,,昔、都があった場所で、春日大社や大仏でも有名です。,例文「昔、都があった場所で、春日大社や大仏でも有名です。」は、「大和」という語を一切使わず奈良の説明になっている。「大和の国は奈良県あたりを指します」「大和は昔、都が置かれた地です」のように語を使った例文の方が学習に適している。
medium,vocab1300_p219_002,219,蝦夷,both,北海道,日本の北にある地域で、シカやリスにもこの名前がついています。,correct_meaningが「北海道」のみでは不完全。「蝦夷」は元来、朝廷に服属しなかった先住民族（アイヌなど）を指す語であり、地名としての意味（北海道の古称）に限定されない。「北海道の古称・先住民族の呼び名」とする方が歴史的に正確。また例文中に「蝦夷」という語句が一切登場せず、語句の使い方（例：蝦夷地、エゾシカ）を実地に示せていない。
medium,vocab1300_p219_003,219,阿波,sentence,徳島県,四国にあり、踊りやうず潮で有名なところです。,例文中に「阿波」という語句が使われておらず、語句がどのように用いられるか（例：阿波踊り、阿波の国）を示せていない。内容の正確性は問題ないが、語彙学習の例文として語句そのものの用法例示ができていない。
medium,vocab1300_p219_004,219,土佐,sentence,高知県,坂本龍馬が生まれ育ったことで有名なところです。,例文中に「土佐」という語句が使われておらず、語句の使い方（例：土佐日記、土佐の国）を示せていない。内容の正確性は問題ないが、語彙学習の例文として語句そのものの用法例示ができていない。
medium,vocab1300_p219_005,219,琉球,both,沖縄県,日本の南にあり、昔は王国として栄えたところです。,correct_meaningの「沖縄県」は、琉球が独立した王国（琉球王国）であった歴史を省略しており、「沖縄県にあたる地域の古い呼び名・王国名」とする方がニュアンスとして正確。また例文中に「琉球」という語句が使われておらず、語句の用法（例：琉球王国、琉球文化）を示せていない。
low,vocab1300_p003_005,3,均等,meaning,同じくらいにそろっていること,おかしを三人で均等に分けました。,correct_meaning「同じくらいにそろっていること」の「くらい」はおおよその近似を示す表現。均等は「過不足なく等しいこと・完全に同じであること」を意味し、近似ではなく完全な等量・等分を指す。「同じ量にそろっていること」など「くらい」を除いた表現が適切。
low,vocab1300_p010_004,10,信念,meaning,自分が正しいと強く信じる気持ち,その選手は、必ずうまくなるという信念を持って練習しました。,correct_meaning「自分が正しいと強く信じる気持ち」は「自分が正しい」という自己正当化のニュアンスを含みやすい。信念は「ある目標・理念・事柄を正しいと深く信じる気持ち」であり、対象は自分の正しさに限らない。例文の「必ずうまくなるという信念」の方が本来の語義を正確に示している。
low,vocab1300_p004_006,4,口実,meaning,言い訳や理由として使う言葉,宿題をしない口実を考えるより、少しずつ進めた方がよいです。,correct_meaning「言い訳や理由として使う言葉」の「理由」は中立的な表現。口実は「本来の目的を隠すための表向きの言い訳・都合のよい名目」という意味が核心であり、正当な「理由」と混同されやすい。「言い訳のために使う都合のよい名目」のように、建て前・口実であることが伝わる表現が望ましい。
low,vocab1300_p005_002,5,仮に,meaning,本当かは別として一時的に考えること,仮に雨が降ったら、体育は体育館で行います。,correct_meaning「本当かは別として一時的に考えること」は表現が不自然かつ不完全。「仮に」は「もし〜とすれば（仮定・仮説を導く副詞）」であり、「一時的に考えること」という説明では語の仮定条件を導く機能が伝わらない。「もし〜だとしたら、という仮定で考えるときに使う言葉」などの表現が適切。
high,vocab1300_p013_001,13,不惑,both,ふわく,四十歳のお祝いで、不惑という言葉を知りました。,correct_meaningフィールドに読み方「ふわく」しか入っておらず、意味（四十歳を指す言葉・迷いのない境地）が書かれていない。また例文「不惑という言葉を知りました」はメタ的な文（その語を習ったという内容）であり、語句の実際の使い方を示していない。
high,vocab1300_p013_002,13,還暦,meaning,かんれき,祖父の還暦のお祝いに、家族で赤い花を用意しました。,correct_meaningフィールドに読み方「かんれき」しか入っておらず、意味（六十歳を表す長寿の祝い名）が書かれていない。explanationには正しい説明があるが、正解選択肢として機能するcorrect_meaningが読み仮名のみでは問題として成立しない。
high,vocab1300_p013_003,13,白寿,meaning,はくじゅ,ひいおばあちゃんの白寿を祝って、みんなで写真を撮りました。,correct_meaningフィールドに読み方「はくじゅ」しか入っておらず、意味（九十九歳を表す長寿の祝い名）が書かれていない。
high,vocab1300_p013_004,13,喜寿,meaning,きじゅ,おばあちゃんの喜寿のお祝いに、みんなで手紙を書きました。,correct_meaningフィールドに読み方「きじゅ」しか入っておらず、意味（七十七歳を表す長寿の祝い名）が書かれていない。
high,vocab1300_p013_005,13,卒寿,meaning,そつじゅ,九十歳になった祖母の卒寿を、家族でお祝いしました。,correct_meaningフィールドに読み方「そつじゅ」しか入っておらず、意味（九十歳を表す長寿の祝い名）が書かれていない。
low,vocab1300_p015_003,15,閉口する,sentence,どうしてよいか分からず困りはてること,同じ質問を何度もされて、先生は少し閉口していました。,「少し閉口していました」という表現がやや不自然。閉口するは「どうしてよいか分からず困りはてる・お手上げになる」という強い状態を表す語であり、「少し」という程度副詞と組み合わせると語感が矛盾気味になる。
low,vocab1300_p017_004,17,至急,sentence,とても急ぐこと,水とうを忘れたので、至急、教室へ取りに戻りました。,水筒を忘れて取りに戻るという場面は、至急が持つ緊急性・重大性のニュアンスにやや軽すぎる。至急は重要な連絡や緊急事態に使われる語であり、日常の忘れ物への使用では語の重みが子どもに伝わりにくい。
low,vocab1300_p018_002,18,手頃,meaning,ちょうどよく扱いやすいこと,この本はページ数が少なく、読書を始めるには手頃です。,「ちょうどよく扱いやすいこと」はサイズや難易度の文脈では正しいが、「手頃な値段（適度な価格・お手頃価格）」という日常でよく使われる用法が抜けている。意味が限定的。
low,vocab1300_p022_004,22,率いる,meaning,多くの人をまとめて連れて行くこと,先生はクラスのみんなを率いて、体育館へ向かいました。,「多くの人をまとめて連れて行くこと」は物理的な移動に限定されすぎており、率いるが本来持つ「先頭に立って指揮する・リードする」というリーダーシップのニュアンスが抜けている。
low,vocab1300_p022_006,22,いかつい,both,かたくて、ごつごつしているようす,その岩は大きくて、いかつい形をしていました。,意味「かたくて、ごつごつしているようす」と例文（岩の形）は整合しているが、いかついは人の顔つき・体格・外見を表す場合に最もよく使われる語。岩の例文だけでは語の主要な用法・ニュアンスが伝わりにくい。
low,vocab1300_p023_003,23,ねぎらう,meaning,苦労してくれたことに感謝すること,先生は、準備をがんばった係の人たちをねぎらいました。,「苦労してくれたことに感謝すること」は大まかには正しいが、ねぎらうは単なる感謝ではなく「相手の苦労・努力をいたわり、言葉や態度でその大変さを認めてあげること」というニュアンスを持つ。感謝する（ありがとうと思う）とは微妙に異なる。
low,vocab1300_p023_005,23,手招き,sentence,こちらへ来るように手で合図すること,母は、こちらへ来るように手招きしました。,例文「母は、こちらへ来るように手招きしました」が意味の説明（「こちらへ来るように手で合図すること」）をほぼそのまま言い換えた内容になっており、語句が実際の場面でどう使われるかを示す例文として弱い。
low,vocab1300_p024_004,24,試み,sentence,試しに何かをやってみること,先生は、新しい方法で授業をする試みをしました。,「試みをしました」はやや不自然。「試みる」は動詞として使うか、名詞なら「試みを行いました」「試みました」が自然。「試みをした」という形は口語的には通じるが、教材の文体として少し据わりが悪い。
low,vocab1300_p025_005,25,こうこう,meaning,明るく、きらきらと輝くようす,夜道に、車のライトがこうこうと輝いていました。,「きらきらと輝く」の「きらきら」は点滅・またたくイメージ（星・宝石）を連想させるが、「こうこう（煌煌）」は安定した強い光が照り輝くようすを指す。例文（車のライト）は正しい用例。ただしcorrect_meaningの「きらきら」という表現が、本来のこうこうの語感とやや異なる方向へ誘導する可能性がある。
low,vocab1300_p027_003,27,創造,sentence,新しいものをつくり出すこと,空き箱を使って、新しいおもちゃを創造しました。,「創造」は芸術・文明・概念などに使う重みのある語で、「空き箱でおもちゃを創造」は語感が重すぎる。小学生の手工作には「作りました」「工夫して作り上げました」が自然。語の重みと例文の場面がアンバランスなため、子どもが語の本来のスケールを体感しにくい。
low,vocab1300_p031_001,31,軽はずみ,sentence,よく考えずに何かをすること,よく考えずに軽はずみなことを言って、友だちを傷つけてしまいました。,「軽はずみ」自体が「よく考えずに」という意味を含むため、「よく考えずに軽はずみな」は意味が重複している。「軽はずみなことを言って」だけで意味は伝わる。語の意味を覚える例文として、語義の繰り返しは避けた方がよい。
low,vocab1300_p041_003,41,めかす,sentence,,発表会の日、姉はワンピースを着て、少しめかしていました。,めかすは『きちんと・しっかりと着飾る』意味の語で、『少し』という修飾語とは相性が悪い。めかすには『ちゃんとおしゃれをする』という一定の度合いが含意されており、『少しめかす』は意味がやや矛盾する。おめかしする・着飾るなどに比べ、『少し』で弱めてしまうとニュアンスが伝わりにくい。
low,vocab1300_p045_001,45,有り様,sentence,,発表会の有り様を、家族にくわしく話しました。,有り様は中立的な状態描写にも使えるが、しばしば『このありさまを見よ』のように否定的・嘆きの文脈で用いられる。発表会の様子を家族に報告するポジティブな場面では『様子』の方が自然で、有り様を使うとやや違和感が残る。正の場面でも使えることは教えつつ、ニュアンスを補足した方が誤解を防げる。
low,vocab1300_p053_001,53,疑惑,meaning,不正や不誠実なことをしたのではないかという疑い・うたがい,本当に自分で作ったのか、少し疑惑の目で見られました。,「本当かどうか疑うこと」は定義として広すぎる。疑惑は「不正・不誠実なことが行われたのではないか」というネガティブな疑いを指す語で、単なる事実確認の疑問（「本当かな？」）とは異なる。例文では不正行為（代作）への疑いとして正しく使われているが、correct_meaningの記述がその悪事・不正のニュアンスを落としており、子どもが中立的な「疑問」場面でも疑惑を使ってしまう誤用につながりうる。
low,vocab1300_p054_002,54,帳尻を合わせる,meaning,最終的に辻褄が合うようにすること。収支や物事のつじつまを整えること（後から帳尻だけ合わせる、という含みを持つこともある）,予定より遅れた分、最後に急いで帳尻を合わせました。,「最終的に予定通りになるようにすること」という定義は例文の文脈にはほぼ合っているが、帳尻を合わせるの本来の意味は「収支・計算の帳尻（差引残高）を整えること→最終的に辻褄が合うようにすること」であり、「予定通り」という要素は必須でない。場合によっては「後で無理につじつまを合わせる・帳尻だけ合わせて誤魔化す」というネガティブなニュアンスで使われることも多く、それが定義に反映されていない。
low,vocab1300_p058_006,58,うろ覚え,sentence,しっかりと覚えていないこと,歌の歌詞をうろ覚えだったので、途中で止まってしまいました。,「歌詞をうろ覚えだった」の助詞「を」が不自然。「うろ覚え」は状態を表す名詞・形容動詞なので「歌詞がうろ覚えだったので」とするのが標準的な表現。助詞の誤りが語句の用法学習に悪影響を与える可能性がある。
low,vocab1300_p063_006,63,先端,meaning,とがっている先の部分,えんぴつの先端がとがっているので、気をつけて持ちました。,correct_meaning「とがっている先の部分」は「とがっている」という条件が付いているため、先端の意味を尖ったものに限定してしまっている。「先端」は「指の先端」「棒の先端」など尖っていないものにも使う。例文のえんぴつはたまたまとがっているが、定義としては「先の部分・先っぽ」のほうが正確。
low,vocab1300_p057_002,57,安易,meaning,深く考えないこと,安易に答えを写すのではなく、自分で考えましょう。,correct_meaning「深く考えないこと」は「安易」の一側面は捉えているが、「いい加減・軽々しい・苦労なく済ませようとする」というニュアンスが弱い。「安易」は単に考えが足りないだけでなく「手を抜く・楽をしようとする」意味合いを含んでおり、定義が若干狭い。例文は適切で問題ない。
low,vocab1300_p069_001,69,強いる,sentence,無理にさせること,友だちに、いやな係を無理に強いるのはよくありません。,「強いる」自体が「無理にさせること」を意味するため、「無理に強いる」は意味の重複（冗長）になっている。語の意味を例文で確認させる目的では、語義が二重に現れると紛らわしい。
low,vocab1300_p069_005,69,紙一重,sentence,違いがわずかであること,一位と二位の差は紙一重でした。,「紙一重」は「成功と失敗」「生死」「善悪」のような相反する概念の間のわずかな差に用いるのが典型的な用法で、競技順位の差には使い方がやや不自然。語のもつ「際どい境界線」のニュアンスが伝わりにくい例文になっている。
high,vocab1300_p073_001,73,大事,meaning,大切なこと、または大切にすること,これは、おばあちゃんからもらった大事な本です。,correct_meaningフィールドに意味ではなく読み方「だいじ」しか記載されていない。意味の説明として機能しておらず、「大切なこと・大切にすること」のような記述が必要。
high,vocab1300_p073_002,73,大事,meaning,重大な出来事・大変な事態,早く手当てできたので、大事にならずにすみました。,correct_meaningフィールドに読み方「おおごと」しか記載されていない。意味として「重大な出来事・大変な事態」といった記述が必要。
high,vocab1300_p073_003,73,人気,meaning,多くの人に好かれていること・評判がよいこと,その遊びはクラスで人気があります。,correct_meaningフィールドに読み方「にんき」しか記載されていない。意味として「多くの人に好かれていること・評判がよいこと」といった記述が必要。
high,vocab1300_p073_004,73,人気,meaning,人がいる気配,夜の公園は人気がなくて、少しこわく感じました。,correct_meaningフィールドに読み方「ひとけ」しか記載されていない。意味として「人がいる気配」といった記述が必要。
high,vocab1300_p073_005,73,上手,meaning,相手より一段優れていること,将棋では、兄の方が一枚上手です。,correct_meaningフィールドに読み方「うわて」しか記載されていない。意味として「相手より一段優れていること」といった記述が必要。
high,vocab1300_p073_006,73,上手,meaning,手際がよく、上手にできること,妹は絵をかくのが上手です。,correct_meaningフィールドに読み方「じょうず」しか記載されていない。意味として「手際がよく、上手にできること」といった記述が必要。
high,vocab1300_p085_001,85,生物（なまもの）,meaning,なまもの,暑い日は、生物を早めに冷蔵庫へ入れましょう。,correct_meaning フィールドに「なまもの」という読みがそのまま入っており、意味の定義になっていない。「火を通していない食べ物」など実際の意味を記載する必要がある。
high,vocab1300_p085_002,85,生物（せいぶつ）,meaning,せいぶつ,海にはたくさんの生物がすんでいます。,correct_meaning フィールドに「せいぶつ」という読みがそのまま入っており、意味の定義になっていない。「生命を持つもの、動物・植物など」のような意味を記載する必要がある。
high,vocab1300_p085_003,85,人事（じんじ）,meaning,じんじ,会社の人事について、父が話していました。,correct_meaning フィールドに「じんじ」という読みがそのまま入っており、意味の定義になっていない。「会社などで、採用・配置・昇進など人に関することを決めること」のような意味が必要。
high,vocab1300_p085_004,85,人事（ひとごと）,meaning,ひとごと,友だちの失敗を人事だと思わず、自分も気をつけます。,correct_meaning フィールドに「ひとごと」という読みがそのまま入っており、意味の定義になっていない。「自分には関係のない、他人のこと」のような意味が必要。
high,vocab1300_p085_005,85,見物（けんぶつ）,meaning,けんぶつ,京都の古い町を見物しました。,correct_meaning フィールドに「けんぶつ」という読みがそのまま入っており、意味の定義になっていない。「観光地や催し物などを見て楽しむこと」のような意味が必要。
high,vocab1300_p085_006,85,見物（みもの）,meaning,みもの,最後のダンスは、なかなかの見物でした。,correct_meaning フィールドに「みもの」という読みがそのまま入っており、意味の定義になっていない。「見る価値があるほど、すばらしいこと・もの」のような意味が必要。
low,vocab1300_p080_002,80,いざこざ,meaning,トラブル,二人の間でいざこざが起きたので、先生が話を聞きました。,「トラブル」は機器の故障・事故・物事の支障なども含む広い語だが、「いざこざ」は人と人の間の小さなもめごと・口論に限定される語。定義が広すぎて、「いざこざ」固有の「人同士のごたごた」というニュアンスが伝わらない。
low,vocab1300_p081_002,81,あたかも,meaning,まるで、ちょうど,弟は、あたかも全部知っているかのように話しました。,「ちょうど」は「ちょうどよい」「ちょうど3時」のように、量・時刻・状態がぴったり合う意味で多用される語であり、「まるで〜のように」という比況の意味では使われにくい。「あたかも」の類義語として「ちょうど」を並べると誤用を招くおそれがある。「まるで」だけで十分。
low,vocab1300_p080_006,80,翻訳する,meaning,他の言語に言い換えること,英語の手紙を日本語に翻訳しました。,「言い換えること」は同じ言語内での言い替えを連想させる表現。翻訳は「別の言語に移し替えること」であり、「言い換える」より「別の言語で表す・訳す」の方が正確。語のニュアンスを微妙に損なう。
low,vocab1300_p084_005,84,いきおい,meaning,,みんなが手を上げたので、いきおい自分も手を上げました。,「その場のなりゆきで」は副詞的な用法のみを切り取った定義。「いきおい」の一般的・一次的な意味は「勢い」（力・速度・勢力・活気）であり、副詞的用法はその派生。この定義だけでは、「いきおいよく走り出す」「チームのいきおいが増した」といった一般的な使われ方で意味がとれなくなるおそれがある。
low,vocab1300_p087_006,87,粗末,meaning,みすぼらしいこと、扱いが悪いこと,道具を粗末にせず、大切に使いましょう。,「みすぼらしいこと」（外見が貧相・惨め）は「粗末」の意味の一側面に過ぎず、例文が示す「丁寧に扱わないこと・大切にしないこと」という主な意味と乖離している。「みすぼらしいこと」を先に置くと、子どもが「見た目が悪い」という意味で覚えてしまうおそれがある。
low,vocab1300_p089_005,89,うそぶく,sentence,,弟は『次は絶対一位になる』とうそぶきました。,「うそぶく」には「大口をたたく・ほらを吹く」の意味のほかに、「知らないふりをして言う・とぼけた顔で言う」という意味も辞書に記載される。例文の「次は絶対一位になる」という発言は、文脈によっては真剣な決意表明とも読め、「うそぶく」が持つ大げさ・軽口・とぼけたトーンが伝わりにくい。もう少し大言壮語ぶりが伝わる例の方が語のニュアンスを明確に示せる。
high,vocab1300_p097_001,97,生地（きじ）,meaning,布や服に使う材料,赤と青の生地を買って、バッグを作りました。,correct_meaning が「きじ」（読み方）のみで、実際の意味「布や服に使う材料」が記載されていない。explanation にはその意味が書かれており、correct_meaning フィールドのみ欠落している。
high,vocab1300_p097_002,97,生地（せいち）,meaning,その人が生まれた土地,坂本龍馬の生地は、今の高知県です。,correct_meaning が「せいち」（読み方）のみで、実際の意味「その人が生まれた土地」が記載されていない。
high,vocab1300_p097_003,97,末期（まっき）,meaning,ある物事の終わりに近いころ,江戸時代の末期に、外国の船が来ました。,correct_meaning が「まっき」（読み方）のみで、実際の意味「ある物事の終わりに近いころ」が記載されていない。
high,vocab1300_p097_004,97,末期（まつご）,meaning,一生の終わりのとき,祖母の末期を、家族みんなで見守りました。,correct_meaning が「まつご」（読み方）のみで、実際の意味「一生の終わりのとき」が記載されていない。
high,vocab1300_p097_005,97,辛い（つらい）,meaning,心や体が苦しいこと,大切な友だちと別れるのは辛いです。,correct_meaning が「つらい」（読み方）のみで、実際の意味「心や体が苦しいこと」が記載されていない。
high,vocab1300_p097_006,97,辛い（からい）,meaning,唐辛子などで舌が刺激される味,このカレーは、辛すぎて食べられません。,correct_meaning が「からい」（読み方）のみで、実際の意味「唐辛子などで舌が刺激される味」が記載されていない。
low,vocab1300_p090_003,90,ささやか,meaning,,誕生日に、家族でささやかなお祝いをしました。,correct_meaning「規模が小さいようす」は正確だが、ささやかには「つつましい・ひかえめ」という肯定的なニュアンスが強く、単なる「小さい」とは異なる。「小規模ながらも心のこもった」という含みが抜けており、小学生が「小さいこと」と「ささやか」を同一視してしまう恐れがある。
low,vocab1300_p091_006,91,うろたえる,sentence,,急に名前を呼ばれて、少しうろたえました。,うろたえるは「どうしたらよいか分からず激しくあわてる」という強い動揺を表す語。「少し」という副詞と組み合わせると、語の持つ強度（パニックに近い混乱）が弱まり、語のニュアンスを正確に伝えにくい。また「急に名前を呼ばれる」程度の状況は軽すぎる可能性がある。
low,vocab1300_p095_004,95,筋金入り,meaning,,祖父は毎日走る、筋金入りのランナーです。,correct_meaning「体や考えがしっかり鍛えられているようす」は概ね正しいが、筋金入りの核心は「長年の経験・苦労によって鍛え上げられた、本物の・根っからの」というニュアンス。単なる「よく鍛えられている」より「根っからの・骨の髄まで」という徹底ぶりが重要。例文の「毎日走る」だけでは長期的な献身のニュアンスが伝わりにくい。
low,vocab1300_p100_002,100,先人,meaning,,先人の知恵から、今の私たちも学ぶことができます。,correct_meaning に「祖先」が含まれているが、先人は「先に生きた人たち・前代の人々」を広く指し、血縁上の祖先（先祖）とは異なる。「昔の偉人」や「その道を切り開いた先代の人々」を含む表現であり、「祖先」を同義語として並べると誤解を招く恐れがある。
low,vocab1300_p100_003,100,無縁,sentence,,運動と健康は無縁ではありません。,例文が「無縁ではない（=関係がある）」という否定形での使用になっているため、「無縁」という語そのものの意味（関係がない）が例文から直接読み取りにくい。小学生が語の意味を例文から推測する際に混乱しやすい。肯定形で無縁を使った例（例：「ゲームばかりしていると、運動と無縁になってしまいます」）の方が語の意味を示しやすい。
low,vocab1300_p111_004,111,気まずい,meaning,ぎこちなく居心地が悪いようす,けんかのあと、友だちと二人きりになって気まずくなりました。,「心が通じなくて」は気まずいの定義として不正確。気まずいは「ぎこちなく居心地が悪い・いたたまれない（雰囲気）」を表す語で、心が通じていないことが原因とは限らず、けんかや失言など状況から生じる気詰まりな空気を指す。心の通じなさより、雰囲気・状況的な居心地の悪さが核心。
low,vocab1300_p107_006,107,ざわめく,meaning,大勢の人が驚きや興奮などでざわざわと騒ぎ立てること,有名な選手が入ってきて、会場がざわめきました。,「ざわざわとうるさいようす」は動詞ざわめくを「ようす」という状態名詞で定義しており品詞が合っていない（動詞なら「〜こと」「〜なる」の形が自然）。また「うるさい」だけでは、驚きや興奮で群衆がどよめく・ざわめき立つという集団的な騒めきのニュアンスが伝わらない。
low,vocab1300_p108_006,108,できばえ,meaning,仕上がりのよしあし・完成度のようす,工作の作品は、思ったよりよいできばえでした。,「完成したときのようす」では、出来栄えに本来含まれる「よしあしの評価・仕上がりの程度」というニュアンスが欠けている。できばえは単に「完成した状態」ではなく「どれだけよく仕上がったか」という質的な評価を含む語。例文では「よいできばえ」と正しく評価的に使われているが、定義がそれを反映していない。
low,vocab1300_p116_002,116,手応え,meaning,やったことに対する、好ましい反応,発表のあと、みんながうなずいてくれて手応えを感じました。,「好ましい反応」と限定すると、手応えの意味が狭くなる。手応えは「行動が相手や状況に及ぼす感触・ごたえ」というニュートラルな語で、「手応えがない（まったく効果がない）」のようにマイナスの文脈でも使う。「好ましい」という形容が、用法を一方向に固定してしまう。
low,vocab1300_p116_003,116,いまいましい,meaning,にくたらしいこと,何度もじゃまをされて、いまいましい気持ちになりました。,「にくたらしい」は「憎い・不快・嫌悪感を覚える」に寄った語。いまいましいは主に「くやしい・いらいらする・腹が立つ」という感情を指し、嫌悪より苛立ちや悔しさに近い。「じゃまをされて」の場面は正しくいまいましいを示しているが、定義の「にくたらしい」とは微妙にずれがある。
low,vocab1300_p119_005,119,まごつく,meaning,うろたえること,初めての駅で、どの出口に行けばよいかまごつきました。,「うろたえる」はパニックに近い動揺・狼狽を指すが、まごつくはどうすればよいか分からずとまどう・手間取るという、より穏やかな戸惑いのニュアンス。例文（初めての駅で出口に迷う）はまごつくの正しい場面だが、「うろたえる」という言い換えではやや激しすぎる印象を与える。
low,vocab1300_p120_006,120,わずらわしい,both,込み入っていて面倒くさいこと,何度も同じことを書くのは、少しわずらわしいです。,意味の「込み入っていて」（複雑に絡み合っている）という要素はわずらわしいの中核ではなく、単純に「うっとうしい・めんどうくさい・煩わしい」という感覚を指す場合も多い。例文「何度も同じことを書く」は複雑さより単調な繰り返しの煩わしさであり、「込み入っていて」という定義と意味がかみ合っていない。
low,vocab1300_p124_004,124,がぜん,meaning,突然、急に,賞品があると聞いて、みんなはがぜんやる気を出しました。,「俄然（がぜん）」は単に「突然・急に」というよりも、「急に勢いや気合いが増す」という変化の大きさを強調する副詞。「突然」では一瞬の出来事にも使えてしまい、「俄然やる気が出る」「俄然元気になる」のように積極的な変化を伴うニュアンスが伝わりにくい。explanationで補足しているが、correct_meaningとしては不十分。
low,vocab1300_p126_004,126,あわよくば,meaning,うまくいけば,あわよくば、一番前の席に座りたいと思いました。,「あわよくば」は「うまくいけば」という意味に加え、「虫がいい・やや欲張りな望み」という含みがある。correct_meaningが「うまくいけば」のみでは、この語特有のニュアンス（都合よくいけば、という少し図々しいニュアンス）が伝わらない。小学生向けでも「ちょっと図々しい望みを持つときに使う」という説明があると理解が深まる。
low,vocab1300_p126_005,126,いたちごっこ,sentence,同じことを繰り返すばかりで、決着がつかないこと,片づけてもすぐに散らかり、掃除はいたちごっこになりました。,「いたちごっこ」は本来「二者がお互いに同じことをやり合って決着がつかない」状況を指す（一方がやったことを他方が上書きし合う構図）。例文の「片づけてもすぐ散らかる」は一方的な繰り返しであり、「二者の拮抗」というニュアンスが示せていない。日常的な拡張用法ではあるが、本来の意味を学ぶ教材としてはやや不適切。
low,vocab1300_p129_001,129,価値観,meaning,何に価値を見出すかについての、人の判断,人によって大切に思うものが違うので、価値観も違います。,「価値観」は「何を大切・重要とみなすかという考え方や物の見方の体系」であり、一回ごとの「判断」（decision/judgment）とは異なる。「価値観」は継続的な「考え方・価値基準・ものの見方」であり、「判断」という語がやや不自然。「何を大切とするかという、人それぞれの考え方」と表現する方が正確。
low,vocab1300_p139_005,139,腕をふるう,meaning,,母はお客さんのために、料理の腕をふるいました。,correct_meaningの「自分の能力を十分に人に見せること」は「見せる」に重点が置かれており、誇示・披露のニュアンスが強くなる。腕をふるうの核心は「能力を十分に発揮すること」であり、「人に見せること」は副次的。「自分の力を思う存分に発揮すること」のほうが正確。
low,vocab1300_p140_006,140,しぐさ,meaning,,その子は、手をふるしぐさがかわいらしいです。,correct_meaningに「表情」が含まれているが、しぐさは主に体の動き・身振りを指す語であり、顔の表情は含まないのが一般的（表情は「顔つき」「表情」が担当する）。「ちょっとした動きや身振り」とするほうが正確。例文自体は正しい用例。
low,vocab1300_p133_002,133,八方美人,meaning,,だれにでもいい顔をして、八方美人だと言われました。,correct_meaningは「だれにでもよく思われようとする人」と説明しており事実上正しいが、八方美人はその場しのぎで誠意がないという批判的ニュアンスを持つ慣用語。定義だけ読むと「感じの良い人」と肯定的に誤解される可能性がある。「誠意がなく、だれにでもよく思われようとする人」など否定的含意を一言加えるとよい。
low,vocab1300_p142_006,142,一躍,meaning,,大会で優勝して、その子は一躍人気者になりました。,correct_meaningの「あっという間に、急に」は時間の速さを表すが、一躍には「一気に高い地位・名声へ跳び上がる」という上昇・飛躍のニュアンスが重要。「急に有名になった」という上昇方向の変化を含む説明（例：「一気に大きく飛び上がるように、急に」）にするとニュアンスが伝わりやすい。
low,vocab1300_p155_005,155,錯覚,meaning,思い違いや見間違い,暗い道で、石を動物だと錯覚しました。,「思い違いや見間違い」と説明されているが、錯覚は感覚・知覚の誤りに限定される語であり、単なる思い違い（考え方の間違い）とは異なる。思い違いまで含めると意味が広すぎる。見間違い・聞き間違いなど知覚的な誤認に絞った説明が望ましい。
low,vocab1300_p157_001,157,一攫千金,meaning,簡単な方法で、大金を一度に得ること,宝くじで一攫千金をねらう人もいます。,「簡単な方法で、大金を一度に得ること」とあるが、一攫千金の本義は「一度に（一気に）大金を得ること」であり、「簡単な方法で」という要素は含まれていない。労せず得るイメージがあるのは確かだが、定義に「簡単」を入れると本来の語義と混同しやすい。
low,vocab1300_p161_001,161,肥える,meaning,太ること、肉がつくこと,冬の間に、犬が少し肥えてきました。,「太ること、肉がつくこと」という字義的な意味のみ掲載されているが、「目が肥える」「耳が肥える」のように審美眼・感性が磨かれる比喩的用法も日常的によく使われる。この教材の学習範囲次第だが、比喩用法への言及がないと語の広がりが学べない。
low,vocab1300_p164_002,164,さっそう,meaning,さわやかで、気持ちのよい様子,姉は新しい服で、さっそうと歩いていました。,「さわやかで、気持ちのよい様子」とあるが、颯爽はさわやかさに加えて「凜として格好よく見える・堂々としている」という視覚的な印象が中心の語。さわやか・気持ちいいだけでは颯爽の「かっこよさ・凛々しさ」のニュアンスが抜け落ちる。
low,vocab1300_p159_006,159,むりじい,sentence,嫌がる相手に、強引に何かをさせること,嫌いな食べ物をむりじいするのはよくありません。,「嫌いな食べ物をむりじいする」という表現はやや不自然。無理強いは人や行為を目的語にとるのが自然で、通常「〜するよう無理強いする」「〜に無理強いする」の形をとる。食べ物を直接目的語にすると、何を誰に強いるのかが文中で不明確になる。
low,vocab1300_p169_003,169,蛍雪の功,meaning,苦難や苦しい境遇に耐えながら、勉学に励んだ積み重ねの成果,毎日こつこつ勉強した蛍雪の功で、合格できました。,correct_meaningの「苦労して勉強に励んだ結果」は概ね正しいが、蛍雪の功は「貧しさや苦しい境遇の中で」という苦難の状況下での勉学という含意が由来の核心。例文の「毎日こつこつ」は努力の継続を示すだけで苦難の状況は描かれておらず、語の背景ニュアンスが伝わりにくい。
low,vocab1300_p167_004,167,淡い,meaning,色・光・感情などが薄く、かすかな様子,桜の花は、淡いピンク色でした。,correct_meaningが「色が薄いこと」のみで、「淡い希望」「淡い期待」「淡い記憶」など感情・記憶・気持ちに対する「かすかな・薄い」という比喩用法が含まれていない。小学3年生が読書で出会う重要な用法が抜けている。
low,vocab1300_p172_001,172,信頼,meaning,信じて頼ること。相手を信じ、安心して任せられる気持ち。,大事な係を任されて、先生から信頼されていると感じました。,correct_meaningの「誰かを信じる気持ち」は「信じる」の意味にとどまり、信頼の「頼る・任せる」という要素が欠けている。信頼＝信じて頼ること、であり、この「頼」の部分が語義の重要な側面。例文は正しく使えているため、意味定義側の問題。
low,vocab1300_p172_006,172,もてあます,sentence,どう扱ってよいか分からず、困ること,大きすぎるぬいぐるみを、置き場所に困ってもてあましました。,「置き場所に困って」という節がもてあますの意味そのものを説明しており、語義の説明と語の使用が重複して冗長になっている。「大きすぎるぬいぐるみをもてあましました」だけで意味は十分伝わる。例文として不自然さがある。
low,vocab1300_p176_005,176,口外,meaning,秘密や内々のことを、他の人に話して漏らすこと,この話は秘密なので、口外しないでください。,correct_meaningの「誰かに話すこと」は広すぎる。口外は「秘密にすべきことや内々の情報を外に漏らすこと」という、言ってはいけない情報を漏らすというニュアンスが核心。単に「誰かに話すこと」では口外しない理由が意味から読み取れない。例文は正しいが意味定義が不十分。
low,vocab1300_p178_003,178,苦虫をかみつぶしたような,sentence,,苦手な薬を見て、弟は苦虫をかみつぶしたような顔をしました。,この表現は主に心理的な不快感・苦い思い（悪いことを言い渡された、不本意なことを強いられたなど）を表す場面で使われる。薬を見た瞬間の生理的嫌悪感・反射的な表情への使用はやや用法の周辺にあり、ニュアンスが伝わりにくい。「試合に負けたあと、監督は〜」のような心理的苦さを示す場面のほうが典型的。
low,vocab1300_p186_005-meaning,186,胸に手を当てて（意味の補足）,meaning,,自分のしたことを、胸に手を当てて考えてみました。,p186_005と重複指摘を避けるため省略（medium項目で対応済み）。
low,vocab1300_p186_004,186,こっけい,meaning,ばかばかしくて笑えるような、おどけた様子。,友だちの変な動きがこっけいで、笑ってしまいました。,correct_meaningが「おかしい、面白い」と説明されているが、「こっけい」は単に「おもしろい」ではなく「滑稽・ばかばかしいほど笑える様子」という、やや滑稽さ・愚かしさを含むニュアンスを持つ。「おかしい・面白い」では「楽しい・興味深い」との混同が生じる可能性がある。
low,vocab1300_p186_002,186,鼻をあかす,meaning,自分を低く見ていた相手の意表をついて、あっと言わせること。,強い相手に勝って、みんなの鼻をあかしました。,correct_meaningが「相手の意表をついて、あっと驚かせること」とあるが、「鼻をあかす」は単に驚かせるだけでなく、「自分を軽く見ていた相手や、自分より上だと思われていた相手を出し抜いて驚かせる」という悔し驚きの要素が重要なニュアンス。「みんなの」という主語ではこのニュアンスが薄れる。
low,vocab1300_p185_005,185,見ばえ,meaning,見た目の印象。外から見たときの様子。,色をそろえると、ノートの見ばえがよくなりました。,correct_meaningが「見た目がよく、人目を引くこと」とポジティブな状態に限定されているが、「見ばえがしない・悪い」など否定的にも使われる中立語。「見た目のよさ」と定義してしまうと「見ばえが悪い」という使い方が理解しにくくなる。
low,vocab1300_p187_006,187,嫉妬,meaning,他の人をうらやんだり、ねたんだりする気持ち。,友だちがほめられて、少し嫉妬してしまいました。,correct_meaningが「自分より優秀な人をねたむこと」と限定されているが、「嫉妬」は優劣だけでなく、好きな人の関心が他の人に向いたときや、友人がほめられた場合など、能力の優劣以外でも生じる感情。例文は「ほめられた友だちへの嫉妬」を示しており、意味の定義よりも広い用法になっている。
low,vocab1300_p177_001,177,合間,meaning,活動や仕事の合間にできるわずかな空き時間。,授業の合間に、職員室へ行きました。,correct_meaningが「何かと何かの間」と説明されているが、これだと「間（あいだ）」との区別がつかない。「合間」は活動と活動の間のわずかな空き時間・すき間というニュアンスが重要で、「間」より具体的な「合間を縫って」「合間に〜する」という短い隙間時間を指す。
low,vocab1300_p183_002,183,いざなう,meaning,やさしく引き込んだり、どこかへ連れていったりすること（「誘う」より詩的・文学的な言い方）。,先生は、私たちを本の世界へいざなってくれました。,correct_meaningが「誘う、連れていくこと」と説明されているが、「いざなう」は普通の「誘う」より文語的・詩的なニュアンスを持ち、やさしく・自然な流れで引き込むという雰囲気がある。単純に「誘う」と等置すると語感・語域の差が伝わらない。例文自体は良好にニュアンスを示しているだけに惜しい。
low,vocab1300_p192_003,192,まんざらでもない,meaning,かなり気に入っている様子,ほめられた弟は、まんざらでもない顔をしていました。,「かなり気に入っている様子」は強すぎる表現。「まんざらでもない」は「全く嫌ではない、むしろどちらかというと悪くない・少し嬉しい」という控えめな肯定感を表す。「かなり気に入っている」とすると、もっと積極的に好む「かなり好き」と混同される恐れがある。例文の「まんざらでもない顔をしていました」は自然で適切。
low,vocab1300_p193_003,193,朱に交われば赤くなる,sentence,人は付き合う人によって影響を受けること,読書好きの友だちといるうちに、私も本を読むようになりました。朱に交われば赤くなるですね。,例文末尾「朱に交われば赤くなるですね」は文法的にやや不自然。ことわざをそのまま述語として使うには「〜ということわざの通りですね」「まさに朱に交われば赤くなる、ということですね」のような形の方が自然。現状のつなぎ方では小学生が読んだときに文としての構造が捉えにくい。
low,vocab1300_p198_004,198,すごむ,sentence,相手を脅すようなことを言うこと,相手を怖がらせるようにすごむのはよくありません。,例文「相手を怖がらせるようにすごむのはよくありません」は、すごむの意味そのものを例文内で説明してしまっており、語の使い方を示す例としては循環している。「大きな声ですごんでも、問題は解決しません」のように、語の意味を前提として使う例文の方が学習効果が高い。
high,vocab1300_p199_004,199,悪あがき,meaning,じたばたすること,負けを認めずに悪あがきしても、結果は変わりません。,correct_meaning が「じたばたすること」だけでは、「どうにもならない状況でもがく」という本質的なニュアンス（無駄・無意味さ）が完全に抜け落ちている。「じたばたする」は普通に手足をばたつかせる意味でも使えるため、この説明だけでは「悪あがき」の意味を誤解させる可能性が高い。explanation には「どうにもならないのに」と補足されているのに correct_meaning に反映されていない。
low,vocab1300_p202_001,202,ちなみに,sentence,ついでに関連したことを言うと,姉はフランス語も話せます。ちなみに、英語も得意です。,「姉はフランス語も話せます。ちなみに、英語も得意です。」は両方の情報が同等の重さに感じられ、「ちなみに」の「主な話題への補足・付け足し」という機能が分かりにくい。「ちなみに」は主題があり、それに関連したついでの情報を添えるときに使う接続詞であるため、例えば「母の誕生日は来週です。ちなみに、今年で40歳になります」など、主題と補足の関係が明確な例文の方が語の使い方を正確に示せる。
low,vocab1300_p204_002,204,純粋,sentence,まじりけのない様子,添加物の入っていない純粋なジュースを飲みました。,「添加物の入っていない純粋なジュース」は文法的に正しいが、小学3年生が日常で最も接する「純粋」の用例（純粋に楽しむ・純粋な気持ち・純粋な子など、人や気持ちへの形容）が示されていない。ジュースの例は「まじりけがない」という物理的意味のみを示しており、転じた意味（まじりけのない気持ち・動機）を学ぶ機会を逃している。
low,vocab1300_p203_006,203,大それた,meaning,まったく非常識な、とんでもないこと,一人で学校を作るなんて、大それた計画だと思いました。,correct_meaning「まったく非常識な、とんでもないこと」の「非常識な」は「常識に反する・分別がない」という批判的ニュアンスが強い。「大それた」は「自分の身分・実力の範囲をはるかに超えた大胆な（夢・計画・野望）」という意味で使われることが多く、否定的というより「途方もなく大きい」という驚き・規模感の表現。説明の方向性がやや異なる。
low,vocab1300_p204_005,204,うなぎのぼり,meaning,物の値段や人気などが、一気に上がること,テレビで紹介されてから、その店の人気はうなぎのぼりです。,correct_meaning の「一気に上がること」の「一気に」は、急に・一度で上がるイメージを与えやすい。「うなぎのぼり」はウナギが川を力強くぐんぐん上り続けるように、継続的・持続的に上昇し続けるニュアンスが本来の意味。「一気に」は瞬間的な跳び上がりを示唆しやすく、微妙にずれがある。
low,vocab1300_p203_004,203,ゆううつ,meaning,不安や心配で、心が晴れない様子,明日のテストを考えると、少しゆううつです。,correct_meaning「不安や心配で、心が晴れない様子」は「ゆううつ」の一用法（明確な不安・心配がある場合）に限定されている。「ゆううつ」は特定の原因がなくても「なんとなく気分が重い・どんよりした気持ち」を表す場合にもよく使われる。「不安や心配で」という原因限定の記述により、もう一方の用法を示せていない。
low,vocab1300_p209_004,209,涙ぐましい,meaning,健気で痛々しい様子に、胸を打たれて涙が出そうになること,彼の涙ぐましい努力が、みんなに伝わりました。,correct_meaning に「感心したり」とあるが、涙ぐましいの中心的なニュアンスは「同情・哀れみから胸が痛む」感覚。感心（admiration）よりも「痛々しい努力に胸を打たれる」という感情の方が主であり、感心という語が本来のニュアンスをやや薄めている。
low,vocab1300_p210_001,210,待ちかねて,meaning,待ちきれないほど強く待ち焦がれること,友だちの返事を待ちかねて、自分から連絡しました。,「長い時間、今か今かと待つこと」と説明しているが、待ちかねるの本質は時間の長さよりも「もう待ちきれない」という焦りの強さ。短い時間でも期待が強ければ使えるため、「長い時間」という修飾が本来のニュアンスを変えてしまう可能性がある。
low,vocab1300_p212_001,212,耳が痛い,sentence,,『忘れ物が多いね』と言われて、耳が痛くなりました。,「耳が痛くなりました」はやや不自然。慣用句は「耳が痛い」「耳が痛かった」「耳が痛い思いをした」の形で使うのが一般的で、「〜くなりました」という変化の形は、この慣用句に合いにくい。
low,vocab1300_p212_004,212,事情,meaning,そうなった理由や、そのときの状況・経緯,遅れた事情を、先生にきちんと説明しました。,「その人なりの理由や状況」と説明しているが、「その人なりの」という修飾は余分。事情は個人的な理由に限らず、客観的な状況・背景・経緯全般を指す（例：家庭の事情、諸般の事情）。個人的ニュアンスを強調しすぎている。
low,vocab1300_p212_006,212,押しも押されもせぬ,meaning,誰もが認める、確固たる地位・実力を持つさま,姉は、押しも押されもせぬ学校のリーダーです。,「ゆるぎない、確かなこと」は意味が広すぎる。この慣用句は特に「誰もが認める確固たる地位・評価を持つ人や物」に使うもので、人・地位・評判に対して使われる慣用句であることが伝わらない。
low,vocab1300_p213_004,213,惑う,sentence,,どの道を行けばよいか分からず、駅で惑いました。,「駅で惑いました」は文語的で唐突な表現。「惑う」は単体で「駅で」という場所だけを添えて使うのは自然さが低い。「どうすればよいか分からず途方に惑いました」や「道に惑いました」などの方が自然。また、前半「どの道を行けばよいか分からず」で意味を説明してしまっており、語を使った文としての独立感が薄い。
low,vocab1300_p215_005,215,駆使,sentence,,姉は辞書とメモを駆使して、難しい文章を読みました。,「辞書とメモを駆使して」はやや大げさで不自然。駆使は語学力・技術・最新機器など、より高度・多様な手段を縦横無尽に使いこなすニュアンスが強く、辞書とメモほどシンプルなツールには「活用して」の方が自然。
